Date,Close,Max,Min,Volume,RSI,RSI_Signal,Stoch_K,Stoch_D,Stoch_Signal,WilliamsR,WilliamsR_Signal,CCI,CCI_Signal,MFI,MFI_Signal
2016-10-31,18510.0,18510.0,18510.0,50.0,,HOLD,,,HOLD,,HOLD,,HOLD,,HOLD
2016-11-28,18510.0,18510.0,18510.0,11.0,,HOLD,,,HOLD,,HOLD,,HOLD,,HOLD
2016-12-19,18510.0,18510.0,18510.0,13.0,,HOLD,,,HOLD,,HOLD,,HOLD,,HOLD
2017-03-20,18510.0,18510.0,18510.0,273.0,,HOLD,,,HOLD,,HOLD,,HOLD,,HOLD
2017-03-27,18510.0,18510.0,18510.0,280.0,,HOLD,,,HOLD,,HOLD,,HOLD,,HOLD
2017-05-22,18510.0,18510.0,18510.0,45.0,,HOLD,,,HOLD,,HOLD,,HOLD,,HOLD
2018-04-23,18510.0,18510.0,18510.0,37.0,,HOLD,,,HOLD,,HOLD,,HOLD,,HOLD
2018-07-02,18510.0,18510.0,18510.0,14.0,,HOLD,,,HOLD,,HOLD,,HOLD,,HOLD
2018-08-27,18510.0,18510.0,18510.0,14.0,,HOLD,,,HOLD,,HOLD,,HOLD,,HOLD
2019-09-23,18510.0,18510.0,18510.0,15.0,,HOLD,,,HOLD,,HOLD,,HOLD,,HOLD
2022-10-03,18510.0,18510.0,18510.0,15.0,,HOLD,,,HOLD,,HOLD,,HOLD,,HOLD
2024-07-15,18510.0,18510.0,18510.0,33.0,,HOLD,,,HOLD,,HOLD,,HOLD,,HOLD
