Date,Close,Max,Min,Volume,RSI,RSI_Signal,Stoch_K,Stoch_D,Stoch_Signal,WilliamsR,WilliamsR_Signal,CCI,CCI_Signal,MFI,MFI_Signal
2016-10-31,18510.0,18510.0,18510.0,61.0,,HOLD,,,HOLD,,HOLD,,HOLD,,HOLD
2016-11-30,18510.0,18510.0,18510.0,13.0,,HOLD,,,HOLD,,HOLD,,HOLD,,HOLD
2017-02-28,18510.0,18510.0,18510.0,553.0,,HOLD,,,HOLD,,HOLD,,HOLD,,HOLD
2017-04-29,18510.0,18510.0,18510.0,45.0,,HOLD,,,HOLD,,HOLD,,HOLD,,HOLD
2018-04-24,18510.0,18510.0,18510.0,37.0,,HOLD,,,HOLD,,HOLD,,HOLD,,HOLD
2018-06-23,18510.0,18510.0,18510.0,14.0,,HOLD,,,HOLD,,HOLD,,HOLD,,HOLD
2018-08-22,18510.0,18510.0,18510.0,14.0,,HOLD,,,HOLD,,HOLD,,HOLD,,HOLD
2019-09-16,18510.0,18510.0,18510.0,15.0,,HOLD,,,HOLD,,HOLD,,HOLD,,HOLD
2022-09-30,18510.0,18510.0,18510.0,15.0,,HOLD,,,HOLD,,HOLD,,HOLD,,HOLD
2024-06-21,18510.0,18510.0,18510.0,33.0,,HOLD,,,HOLD,,HOLD,,HOLD,,HOLD
