Date,Close,Max,Min,Volume,RSI,RSI_Signal,Stoch_K,Stoch_D,Stoch_Signal,WilliamsR,WilliamsR_Signal,CCI,CCI_Signal,MFI,MFI_Signal
2014-11-24,307.0,307.0,307.0,47.0,,HOLD,,,HOLD,,HOLD,,HOLD,,HOLD
2014-12-22,307.0,307.0,307.0,18.0,,HOLD,,,HOLD,,HOLD,,HOLD,,HOLD
2015-02-02,307.0,307.0,307.0,22.0,,HOLD,,,HOLD,,HOLD,,HOLD,,HOLD
2015-07-06,307.0,307.0,307.0,21.0,,HOLD,,,HOLD,,HOLD,,HOLD,,HOLD
2016-05-30,615.0,615.0,615.0,17.0,,HOLD,,,HOLD,,HOLD,,HOLD,,HOLD
2017-09-04,615.0,615.0,615.0,38.0,,HOLD,,,HOLD,,HOLD,,HOLD,,HOLD
2018-07-23,615.0,615.0,615.0,24.0,,HOLD,,,HOLD,,HOLD,,HOLD,,HOLD
2021-05-24,615.0,615.0,615.0,20.0,,HOLD,,,HOLD,,HOLD,,HOLD,,HOLD
2023-02-20,923.0,923.0,923.0,20.0,,HOLD,,,HOLD,,HOLD,,HOLD,,HOLD
2023-03-27,923.0,923.0,923.0,14.0,,HOLD,,,HOLD,,HOLD,,HOLD,,HOLD
2023-10-30,923.0,923.0,923.0,46.0,,HOLD,,,HOLD,,HOLD,,HOLD,,HOLD
2024-03-11,923.0,923.0,923.0,30.0,,HOLD,,,HOLD,,HOLD,,HOLD,,HOLD
2024-03-18,923.0,923.0,923.0,18.0,,HOLD,,,HOLD,,HOLD,,HOLD,,HOLD
