Date,Close,Max,Min,Volume,RSI,RSI_Signal,Stoch_K,Stoch_D,Stoch_Signal,WilliamsR,WilliamsR_Signal,CCI,CCI_Signal,MFI,MFI_Signal
2021-06-09,100.0,100.0,100.0,500.0,,HOLD,,,HOLD,,HOLD,,HOLD,,HOLD
2021-07-07,100.0,100.0,100.0,250.0,,HOLD,,,HOLD,,HOLD,,HOLD,,HOLD
2021-08-18,100.0,100.0,100.0,250.0,,HOLD,,,HOLD,,HOLD,,HOLD,,HOLD
2021-09-15,100.0,100.0,100.0,250.0,,HOLD,,,HOLD,,HOLD,,HOLD,,HOLD
2021-10-13,100.0,100.0,100.0,250.0,,HOLD,,,HOLD,,HOLD,,HOLD,,HOLD
2021-12-08,100.0,100.0,100.0,1.5,,HOLD,,,HOLD,,HOLD,,HOLD,,HOLD
