Date,Close,Max,Min,Volume,RSI,RSI_Signal,Stoch_K,Stoch_D,Stoch_Signal,WilliamsR,WilliamsR_Signal,CCI,CCI_Signal,MFI,MFI_Signal,SMA,EMA,WMA,SMA_Signal,EMA_Signal,WMA_Signal
2015-05-12,185.0,185.0,185.0,400.0,,HOLD,,,HOLD,,HOLD,,HOLD,,HOLD,,,,HOLD,HOLD,HOLD
2016-02-02,185.0,185.0,185.0,78.0,,HOLD,,,HOLD,,HOLD,,HOLD,,HOLD,,,,HOLD,HOLD,HOLD
2024-03-05,185.0,185.0,185.0,400.0,,HOLD,,,HOLD,,HOLD,,HOLD,,HOLD,,,,HOLD,HOLD,HOLD
2024-09-10,185.0,185.0,185.0,139.0,,HOLD,,,HOLD,,HOLD,,HOLD,,HOLD,,,,HOLD,HOLD,HOLD
