Date,Last trade price,Max,Min,Avg.,Price %chg.,Volume,Turnover in BEST in denars,Total turnover in denars,Close,RSI,RSI_Signal,Stoch_K,Stoch_D,Stoch_Signal,WilliamsR,WilliamsR_Signal,CCI,CCI_Signal,MFI,MFI_Signal,SMA,EMA,WMA,SMA_Signal,EMA_Signal,WMA_Signal
2015-02-11,30.0,30.0,30.0,"30,00","0,00",1.221,36.63,36.63,30.0,,HOLD,,,HOLD,,HOLD,,HOLD,,HOLD,,,,HOLD,HOLD,HOLD
2015-07-21,30.0,30.0,30.0,"30,00","0,00",730.0,21.9,21.9,30.0,,HOLD,,,HOLD,,HOLD,,HOLD,,HOLD,,,,HOLD,HOLD,HOLD
2015-08-10,40.0,40.0,40.0,"40,00","33,33",1.363,54.52,54.52,40.0,,HOLD,,,HOLD,,HOLD,,HOLD,,HOLD,,,,HOLD,HOLD,HOLD
2015-09-01,50.0,50.0,50.0,"50,00","25,00",2.556,127.8,127.8,50.0,,HOLD,,,HOLD,,HOLD,,HOLD,,HOLD,,,,HOLD,HOLD,HOLD
2018-06-01,40.0,40.0,40.0,"40,00","-20,00",614.0,24.56,24.56,40.0,,HOLD,,,HOLD,,HOLD,,HOLD,,HOLD,,,,HOLD,HOLD,HOLD
2018-08-27,39.0,39.0,39.0,"39,00","-2,50",1.533,59.787,59.787,39.0,,HOLD,,,HOLD,,HOLD,,HOLD,,HOLD,,,,HOLD,HOLD,HOLD
