Date,Close,Max,Min,Volume,RSI,RSI_Signal,Stoch_K,Stoch_D,Stoch_Signal,WilliamsR,WilliamsR_Signal,CCI,CCI_Signal,MFI,MFI_Signal
2015-02-11,30.0,30.0,30.0,1.221,,HOLD,,,HOLD,,HOLD,,HOLD,,HOLD
2015-07-15,30.0,30.0,30.0,730.0,,HOLD,,,HOLD,,HOLD,,HOLD,,HOLD
2015-08-05,40.0,40.0,40.0,1.363,,HOLD,,,HOLD,,HOLD,,HOLD,,HOLD
2015-08-26,50.0,50.0,50.0,2.556,,HOLD,,,HOLD,,HOLD,,HOLD,,HOLD
2018-05-30,40.0,40.0,40.0,614.0,,HOLD,,,HOLD,,HOLD,,HOLD,,HOLD
2018-08-22,39.0,39.0,39.0,1.533,,HOLD,,,HOLD,,HOLD,,HOLD,,HOLD
