Date,Close,Max,Min,Volume,RSI,RSI_Signal,Stoch_K,Stoch_D,Stoch_Signal,WilliamsR,WilliamsR_Signal,CCI,CCI_Signal,MFI,MFI_Signal
2017-01-16,1200.0,1200.0,1200.0,65.0,,HOLD,,,HOLD,,HOLD,,HOLD,,HOLD
2017-07-15,1200.0,1200.0,1200.0,55.0,,HOLD,,,HOLD,,HOLD,,HOLD,,HOLD
2022-08-18,1200.0,1200.0,1200.0,22.0,,HOLD,,,HOLD,,HOLD,,HOLD,,HOLD
2022-10-17,1200.0,1200.0,1200.0,19.0,,HOLD,,,HOLD,,HOLD,,HOLD,,HOLD
2022-12-16,1200.0,1200.0,1200.0,102.0,,HOLD,,,HOLD,,HOLD,,HOLD,,HOLD
2023-01-15,1200.0,1200.0,1200.0,42.0,,HOLD,,,HOLD,,HOLD,,HOLD,,HOLD
2023-03-16,1200.0,1200.0,1200.0,14.0,,HOLD,,,HOLD,,HOLD,,HOLD,,HOLD
2023-05-15,1200.0,1200.0,1200.0,12.0,,HOLD,,,HOLD,,HOLD,,HOLD,,HOLD
2023-10-12,1200.0,1200.0,1200.0,19.0,,HOLD,,,HOLD,,HOLD,,HOLD,,HOLD
2023-11-11,1200.0,1200.0,1200.0,9.0,,HOLD,,,HOLD,,HOLD,,HOLD,,HOLD
2024-08-07,1200.0,1200.0,1200.0,41.0,,HOLD,,,HOLD,,HOLD,,HOLD,,HOLD
