Date,Close,Max,Min,Volume,RSI,RSI_Signal,Stoch_K,Stoch_D,Stoch_Signal,WilliamsR,WilliamsR_Signal,CCI,CCI_Signal,MFI,MFI_Signal,SMA,EMA,WMA,SMA_Signal,EMA_Signal,WMA_Signal
2016-10-10,3.0,3.0,3.0,90.0,,HOLD,,,HOLD,,HOLD,,HOLD,,HOLD,,,,HOLD,HOLD,HOLD
2018-05-07,3.0,3.0,3.0,30.0,,HOLD,,,HOLD,,HOLD,,HOLD,,HOLD,,,,HOLD,HOLD,HOLD
2018-05-21,3.0,3.0,3.0,15.0,,HOLD,,,HOLD,,HOLD,,HOLD,,HOLD,,,,HOLD,HOLD,HOLD
2018-11-26,3.0,3.0,3.0,15.0,,HOLD,,,HOLD,,HOLD,,HOLD,,HOLD,,,,HOLD,HOLD,HOLD
2021-06-07,30.0,30.0,30.0,40.0,,HOLD,,,HOLD,,HOLD,,HOLD,,HOLD,,,,HOLD,HOLD,HOLD
2022-06-27,15.0,15.0,15.0,14.0,,HOLD,,,HOLD,,HOLD,,HOLD,,HOLD,,,,HOLD,HOLD,HOLD
