Date,Close,Max,Min,Volume,RSI,RSI_Signal,Stoch_K,Stoch_D,Stoch_Signal,WilliamsR,WilliamsR_Signal,CCI,CCI_Signal,MFI,MFI_Signal
2017-08-18,300.0,300.0,300.0,4.861,,HOLD,,,HOLD,,HOLD,,HOLD,,HOLD
2018-09-14,500.0,500.0,500.0,1.094,,HOLD,,,HOLD,,HOLD,,HOLD,,HOLD
2018-12-21,500.0,500.0,500.0,1.132,,HOLD,,,HOLD,,HOLD,,HOLD,,HOLD
2019-01-18,500.0,500.0,500.0,1.08,,HOLD,,,HOLD,,HOLD,,HOLD,,HOLD
2019-09-20,500.0,500.0,500.0,761.0,,HOLD,,,HOLD,,HOLD,,HOLD,,HOLD
2020-05-08,500.0,500.0,500.0,791.0,,HOLD,,,HOLD,,HOLD,,HOLD,,HOLD
2022-05-13,500.0,500.0,500.0,738.0,,HOLD,,,HOLD,,HOLD,,HOLD,,HOLD
2024-10-04,310.0,310.0,310.0,57.0,,HOLD,,,HOLD,,HOLD,,HOLD,,HOLD
