Date,Last trade price,Max,Min,Avg.,Price %chg.,Volume,Turnover in BEST in denars,Total turnover in denars,Close,RSI,RSI_Signal,Stoch_K,Stoch_D,Stoch_Signal,WilliamsR,WilliamsR_Signal,CCI,CCI_Signal,MFI,MFI_Signal
2018-09-14,500.0,500.0,500.0,"500,00","-8,26",1.155,577.5,577.5,500.0,,HOLD,,,HOLD,,HOLD,,HOLD,,HOLD
2018-12-26,500.0,500.0,500.0,"500,00","0,00",1.182,591.0,591.0,500.0,,HOLD,,,HOLD,,HOLD,,HOLD,,HOLD
2019-01-21,500.0,500.0,500.0,"500,00","0,00",1.132,566.0,566.0,500.0,,HOLD,,,HOLD,,HOLD,,HOLD,,HOLD
2019-09-20,500.0,500.0,500.0,"500,00","0,00",799.0,399.5,399.5,500.0,,HOLD,,,HOLD,,HOLD,,HOLD,,HOLD
2020-05-12,500.0,500.0,500.0,"500,00","0,00",832.0,416.0,416.0,500.0,,HOLD,,,HOLD,,HOLD,,HOLD,,HOLD
2022-05-16,500.0,500.0,500.0,"500,00","0,00",775.0,387.5,387.5,500.0,,HOLD,,,HOLD,,HOLD,,HOLD,,HOLD
2024-10-10,310.0,310.0,310.0,"310,00","-38,00",60.0,18.6,18.6,310.0,,HOLD,,,HOLD,,HOLD,,HOLD,,HOLD
