Date,Close,Max,Min,Volume,RSI,RSI_Signal,Stoch_K,Stoch_D,Stoch_Signal,WilliamsR,WilliamsR_Signal,CCI,CCI_Signal,MFI,MFI_Signal,SMA,EMA,WMA,SMA_Signal,EMA_Signal,WMA_Signal
2018-09-14,500.0,500.0,500.0,1.155,,HOLD,,,HOLD,,HOLD,,HOLD,,HOLD,,,,HOLD,HOLD,HOLD
2018-12-13,500.0,500.0,500.0,1.182,,HOLD,,,HOLD,,HOLD,,HOLD,,HOLD,,,,HOLD,HOLD,HOLD
2019-01-12,500.0,500.0,500.0,1.132,,HOLD,,,HOLD,,HOLD,,HOLD,,HOLD,,,,HOLD,HOLD,HOLD
2019-09-09,500.0,500.0,500.0,799.0,,HOLD,,,HOLD,,HOLD,,HOLD,,HOLD,,,,HOLD,HOLD,HOLD
2020-05-06,500.0,500.0,500.0,832.0,,HOLD,,,HOLD,,HOLD,,HOLD,,HOLD,,,,HOLD,HOLD,HOLD
2022-04-26,500.0,500.0,500.0,775.0,,HOLD,,,HOLD,,HOLD,,HOLD,,HOLD,,,,HOLD,HOLD,HOLD
2024-09-12,310.0,310.0,310.0,60.0,,HOLD,,,HOLD,,HOLD,,HOLD,,HOLD,,,,HOLD,HOLD,HOLD
