Date,Close,Max,Min,Volume,RSI,RSI_Signal,Stoch_K,Stoch_D,Stoch_Signal,WilliamsR,WilliamsR_Signal,CCI,CCI_Signal,MFI,MFI_Signal
2014-11-27,7555.0,7555.0,7060.0,59.0,,HOLD,,,HOLD,,HOLD,,HOLD,,HOLD
2015-02-25,7329.0,7329.0,7329.0,13.0,,HOLD,,,HOLD,,HOLD,,HOLD,,HOLD
2015-05-26,7329.0,7329.0,7329.0,10.0,,HOLD,,,HOLD,,HOLD,,HOLD,,HOLD
2018-08-08,7110.0,7110.0,7110.0,40.0,,HOLD,,,HOLD,,HOLD,,HOLD,,HOLD
2021-02-23,9240.0,9240.0,9240.0,103.0,,HOLD,,,HOLD,,HOLD,,HOLD,,HOLD
2021-05-24,9240.0,9240.0,9240.0,61.0,,HOLD,,,HOLD,,HOLD,,HOLD,,HOLD
2022-02-18,9240.0,9240.0,9240.0,130.0,,HOLD,,,HOLD,,HOLD,,HOLD,,HOLD
2022-05-19,9240.0,9240.0,9240.0,178.0,,HOLD,,,HOLD,,HOLD,,HOLD,,HOLD
2022-07-18,9240.0,9240.0,9240.0,29.0,,HOLD,,,HOLD,,HOLD,,HOLD,,HOLD
2022-09-16,9240.0,9240.0,9240.0,193.0,,HOLD,,,HOLD,,HOLD,,HOLD,,HOLD
2022-10-16,9240.0,9240.0,9240.0,60.0,,HOLD,,,HOLD,,HOLD,,HOLD,,HOLD
2022-12-15,9240.0,9240.0,9240.0,25.0,,HOLD,,,HOLD,,HOLD,,HOLD,,HOLD
2023-02-13,9240.0,9240.0,9240.0,10.0,,HOLD,,,HOLD,,HOLD,,HOLD,,HOLD
