Date,Close,Max,Min,Volume,RSI,RSI_Signal,Stoch_K,Stoch_D,Stoch_Signal,WilliamsR,WilliamsR_Signal,CCI,CCI_Signal,MFI,MFI_Signal,SMA,EMA,WMA,SMA_Signal,EMA_Signal,WMA_Signal
2015-09-30,246.0,400.0,246.0,1628.0,,HOLD,,,HOLD,,HOLD,,HOLD,,HOLD,,,,HOLD,HOLD,HOLD
2015-12-02,310.0,310.0,310.0,614.0,,HOLD,,,HOLD,,HOLD,,HOLD,,HOLD,,,,HOLD,HOLD,HOLD
2018-09-26,372.0,372.0,372.0,698.0,,HOLD,,,HOLD,,HOLD,,HOLD,,HOLD,,,,HOLD,HOLD,HOLD
2022-09-14,372.0,372.0,372.0,16.287,,HOLD,,,HOLD,,HOLD,,HOLD,,HOLD,,,,HOLD,HOLD,HOLD
2023-02-22,372.0,372.0,372.0,4.886,,HOLD,,,HOLD,,HOLD,,HOLD,,HOLD,,,,HOLD,HOLD,HOLD
2023-09-13,372.0,372.0,372.0,5.3,,HOLD,,,HOLD,,HOLD,,HOLD,,HOLD,,,,HOLD,HOLD,HOLD
2024-07-03,372.0,372.0,372.0,14.644,,HOLD,,,HOLD,,HOLD,,HOLD,,HOLD,,,,HOLD,HOLD,HOLD
