Date,Close,Max,Min,Volume,RSI,RSI_Signal,Stoch_K,Stoch_D,Stoch_Signal,WilliamsR,WilliamsR_Signal,CCI,CCI_Signal,MFI,MFI_Signal
2016-06-01,37336.0,37336.0,37336.0,50.0,,HOLD,,,HOLD,,HOLD,,HOLD,,HOLD
2016-11-28,36300.0,36300.0,36300.0,10.0,,HOLD,,,HOLD,,HOLD,,HOLD,,HOLD
2017-03-28,36300.0,36300.0,36300.0,2.0,,HOLD,,,HOLD,,HOLD,,HOLD,,HOLD
2018-09-19,46700.0,46700.0,46700.0,3.0,,HOLD,,,HOLD,,HOLD,,HOLD,,HOLD
2019-05-17,50000.0,50000.0,50000.0,1.0,,HOLD,,,HOLD,,HOLD,,HOLD,,HOLD
2021-09-03,63370.0,63370.0,63370.0,138.0,,HOLD,,,HOLD,,HOLD,,HOLD,,HOLD
2022-06-30,89458.0,89458.0,89458.0,1.0,,HOLD,,,HOLD,,HOLD,,HOLD,,HOLD
2022-07-30,89458.0,89458.0,89458.0,8.0,,HOLD,,,HOLD,,HOLD,,HOLD,,HOLD
