Date,Close,Max,Min,Volume,RSI,RSI_Signal,Stoch_K,Stoch_D,Stoch_Signal,WilliamsR,WilliamsR_Signal,CCI,CCI_Signal,MFI,MFI_Signal
2020-08-12,100.0,100.0,100.0,150.0,,HOLD,,,HOLD,,HOLD,,HOLD,,HOLD
2020-10-07,101.0,101.0,101.0,200.0,,HOLD,,,HOLD,,HOLD,,HOLD,,HOLD
2020-10-14,100.0,100.0,100.0,2.25,,HOLD,,,HOLD,,HOLD,,HOLD,,HOLD
2021-04-14,100.0,100.0,100.0,644.0,,HOLD,,,HOLD,,HOLD,,HOLD,,HOLD
2023-02-08,62.0,62.0,62.0,500.0,,HOLD,,,HOLD,,HOLD,,HOLD,,HOLD
2023-08-30,99.0,99.0,99.0,120.0,,HOLD,,,HOLD,,HOLD,,HOLD,,HOLD
