Date,Last trade price,Max,Min,Avg.,Price %chg.,Volume,Turnover in BEST in denars,Total turnover in denars,Close,RSI,RSI_Signal,Stoch_K,Stoch_D,Stoch_Signal,WilliamsR,WilliamsR_Signal,CCI,CCI_Signal,MFI,MFI_Signal
2016-10-27,500.0,500.0,500.0,"500,00","0,00",42.0,21.0,21.0,500.0,,HOLD,,,HOLD,,HOLD,,HOLD,,HOLD
2020-08-14,500.0,500.0,500.0,"500,00","0,00",2.0,1.0,1.0,500.0,,HOLD,,,HOLD,,HOLD,,HOLD,,HOLD
2021-07-09,500.0,500.0,500.0,"500,00","0,00",59.0,29.5,29.5,500.0,,HOLD,,,HOLD,,HOLD,,HOLD,,HOLD
2023-07-31,500.0,500.0,500.0,"500,00","0,00",33.0,16.5,16.5,500.0,,HOLD,,,HOLD,,HOLD,,HOLD,,HOLD
