Date,Close,Max,Min,Volume,RSI,RSI_Signal,Stoch_K,Stoch_D,Stoch_Signal,WilliamsR,WilliamsR_Signal,CCI,CCI_Signal,MFI,MFI_Signal
2015-04-29,8000.0,8000.0,8000.0,21.0,,HOLD,,,HOLD,,HOLD,,HOLD,,HOLD
2016-01-24,7760.0,7760.0,7760.0,4.0,,HOLD,,,HOLD,,HOLD,,HOLD,,HOLD
2016-05-23,7760.0,7760.0,7760.0,28.0,,HOLD,,,HOLD,,HOLD,,HOLD,,HOLD
2016-08-21,7761.0,7761.0,7761.0,7.0,,HOLD,,,HOLD,,HOLD,,HOLD,,HOLD
2016-09-20,12000.0,12000.0,12000.0,7.0,,HOLD,,,HOLD,,HOLD,,HOLD,,HOLD
2018-01-13,12360.0,12360.0,12360.0,51.0,,HOLD,,,HOLD,,HOLD,,HOLD,,HOLD
