Date,Last trade price,Max,Min,Avg.,Price %chg.,Volume,Turnover in BEST in denars,Total turnover in denars,Close,RSI,RSI_Signal,Stoch_K,Stoch_D,Stoch_Signal,WilliamsR,WilliamsR_Signal,CCI,CCI_Signal,MFI,MFI_Signal
2015-04-29,8000.0,8000.0,8000.0,"8.000,00",,21.0,168.0,168.0,8000.0,,HOLD,,,HOLD,,HOLD,,HOLD,,HOLD
2016-02-12,7760.0,7760.0,7760.0,"7.760,00","-3,00",4.0,31.04,31.04,7760.0,,HOLD,,,HOLD,,HOLD,,HOLD,,HOLD
2016-06-08,7760.0,7760.0,7760.0,"7.760,00","0,00",28.0,217.28,217.28,7760.0,,HOLD,,,HOLD,,HOLD,,HOLD,,HOLD
2016-09-12,7761.0,7761.0,7761.0,"7.761,00","0,01",7.0,54.327,54.327,7761.0,,HOLD,,,HOLD,,HOLD,,HOLD,,HOLD
2016-10-03,12000.0,12000.0,12000.0,"12.000,00","54,62",7.0,84.0,84.0,12000.0,,HOLD,,,HOLD,,HOLD,,HOLD,,HOLD
2018-02-01,12360.0,12360.0,12360.0,"12.360,00","3,00",51.0,630.36,630.36,12360.0,,HOLD,,,HOLD,,HOLD,,HOLD,,HOLD
