Date,Close,Max,Min,Volume,RSI,RSI_Signal,Stoch_K,Stoch_D,Stoch_Signal,WilliamsR,WilliamsR_Signal,CCI,CCI_Signal,MFI,MFI_Signal
2017-07-10,566.0,566.0,566.0,9.0,,HOLD,,,HOLD,,HOLD,,HOLD,,HOLD
2020-09-22,310.0,310.0,310.0,25.0,,HOLD,,,HOLD,,HOLD,,HOLD,,HOLD
2021-04-20,315.0,315.0,315.0,1.292,,HOLD,,,HOLD,,HOLD,,HOLD,,HOLD
2022-04-15,315.0,315.0,315.0,221.0,,HOLD,,,HOLD,,HOLD,,HOLD,,HOLD
2022-09-12,315.0,315.0,315.0,37.0,,HOLD,,,HOLD,,HOLD,,HOLD,,HOLD
2024-04-04,315.0,315.0,315.0,367.0,,HOLD,,,HOLD,,HOLD,,HOLD,,HOLD
