Date,Last trade price,Max,Min,Avg.,Price %chg.,Volume,Turnover in BEST in denars,Total turnover in denars,Close,RSI,RSI_Signal,Stoch_K,Stoch_D,Stoch_Signal,WilliamsR,WilliamsR_Signal,CCI,CCI_Signal,MFI,MFI_Signal
2014-12-26,12000.0,12000.0,12000.0,"12.000,00","0,00",40.0,480.000,480.000,12000.0,,HOLD,,,HOLD,,HOLD,,HOLD,,HOLD
2015-07-01,12000.0,12000.0,12000.0,"12.000,00","0,00",100.0,1.200.000,1.200.000,12000.0,,HOLD,,,HOLD,,HOLD,,HOLD,,HOLD
2016-05-12,5000.0,5000.0,5000.0,"5.000,00","-58,33",2.0,10.000,10.000,5000.0,,HOLD,,,HOLD,,HOLD,,HOLD,,HOLD
2023-05-30,667.0,667.0,667.0,"667,00","-86,66",3.008,2.006.336,2.006.336,667.0,,HOLD,,,HOLD,,HOLD,,HOLD,,HOLD
2023-06-15,800.0,800.0,800.0,"800,00","19,94",275.0,220.000,220.000,800.0,,HOLD,,,HOLD,,HOLD,,HOLD,,HOLD
