Date,Last trade price,Max,Min,Avg.,Price %chg.,Volume,Turnover in BEST in denars,Total turnover in denars,Close,RSI,RSI_Signal,Stoch_K,Stoch_D,Stoch_Signal,WilliamsR,WilliamsR_Signal,CCI,CCI_Signal,MFI,MFI_Signal,SMA,EMA,WMA,SMA_Signal,EMA_Signal,WMA_Signal
2022-12-12,100.0,100.0,100.0,"100,00",,500.0,5.000.000,5.000.000,100.0,,HOLD,,,HOLD,,HOLD,,HOLD,,HOLD,,,,HOLD,HOLD,HOLD
2023-02-15,100.0,100.0,100.0,"100,00","0,00",62.0,620.000,620.000,100.0,,HOLD,,,HOLD,,HOLD,,HOLD,,HOLD,,,,HOLD,HOLD,HOLD
2023-02-23,100.0,100.0,100.0,"100,00","0,00",1.738,17.380.000,17.380.000,100.0,,HOLD,,,HOLD,,HOLD,,HOLD,,HOLD,,,,HOLD,HOLD,HOLD
2023-07-19,100.0,100.0,100.0,"100,00","0,00",100.0,1.000.000,1.000.000,100.0,,HOLD,,,HOLD,,HOLD,,HOLD,,HOLD,,,,HOLD,HOLD,HOLD
2024-03-28,90.0,90.0,90.0,"90,00","-10,00",1.373,12.357.000,12.357.000,90.0,,HOLD,,,HOLD,,HOLD,,HOLD,,HOLD,,,,HOLD,HOLD,HOLD
