Date,Close,Max,Min,Volume,RSI,RSI_Signal,Stoch_K,Stoch_D,Stoch_Signal,WilliamsR,WilliamsR_Signal,CCI,CCI_Signal,MFI,MFI_Signal
2015-04-08,2306.0,2306.0,2306.0,6.0,,HOLD,,,HOLD,,HOLD,,HOLD,,HOLD
2015-05-08,1597.0,1597.0,1597.0,1.0,,HOLD,,,HOLD,,HOLD,,HOLD,,HOLD
2015-07-07,1551.0,1551.0,1551.0,48.0,,HOLD,,,HOLD,,HOLD,,HOLD,,HOLD
2016-01-03,1550.0,1550.0,1550.0,48.0,,HOLD,,,HOLD,,HOLD,,HOLD,,HOLD
2016-03-03,1550.0,1550.0,1550.0,8.0,,HOLD,,,HOLD,,HOLD,,HOLD,,HOLD
2016-04-02,1550.0,1550.0,1550.0,11.0,,HOLD,,,HOLD,,HOLD,,HOLD,,HOLD
2017-10-24,1550.0,1550.0,1550.0,119.0,,HOLD,,,HOLD,,HOLD,,HOLD,,HOLD
2020-01-12,1550.0,1550.0,1550.0,1.232,,HOLD,,,HOLD,,HOLD,,HOLD,,HOLD
2021-07-05,970.0,970.0,970.0,5.764,,HOLD,,,HOLD,,HOLD,,HOLD,,HOLD
