Date,Close,Max,Min,Volume,RSI,RSI_Signal,Stoch_K,Stoch_D,Stoch_Signal,WilliamsR,WilliamsR_Signal,CCI,CCI_Signal,MFI,MFI_Signal
2015-04-08,2306.0,2306.0,2306.0,6.0,,HOLD,,,HOLD,,HOLD,,HOLD,,HOLD
2015-05-13,1597.0,1597.0,1597.0,1.0,,HOLD,,,HOLD,,HOLD,,HOLD,,HOLD
2015-07-22,1551.0,1551.0,1551.0,48.0,,HOLD,,,HOLD,,HOLD,,HOLD,,HOLD
2016-01-27,1550.0,1550.0,1550.0,48.0,,HOLD,,,HOLD,,HOLD,,HOLD,,HOLD
2016-03-09,1550.0,1550.0,1550.0,8.0,,HOLD,,,HOLD,,HOLD,,HOLD,,HOLD
2016-04-20,1550.0,1550.0,1550.0,11.0,,HOLD,,,HOLD,,HOLD,,HOLD,,HOLD
2017-11-08,1550.0,1550.0,1550.0,119.0,,HOLD,,,HOLD,,HOLD,,HOLD,,HOLD
2020-01-08,1550.0,1550.0,1550.0,1.232,,HOLD,,,HOLD,,HOLD,,HOLD,,HOLD
2021-07-28,970.0,970.0,970.0,5.764,,HOLD,,,HOLD,,HOLD,,HOLD,,HOLD
