Date,Close,Max,Min,Volume,RSI,RSI_Signal,Stoch_K,Stoch_D,Stoch_Signal,WilliamsR,WilliamsR_Signal,CCI,CCI_Signal,MFI,MFI_Signal
2014-11-11,101.0,149.0,101.0,1338.0,,HOLD,,,HOLD,,HOLD,,HOLD,,HOLD
2014-12-11,103.0,103.0,103.0,48.544,,HOLD,,,HOLD,,HOLD,,HOLD,,HOLD
2015-05-10,100.0,100.0,100.0,1184.0,,HOLD,,,HOLD,,HOLD,,HOLD,,HOLD
2016-01-05,49.0,49.0,49.0,162.533,,HOLD,,,HOLD,,HOLD,,HOLD,,HOLD
2019-07-18,99.0,99.0,99.0,50.0,,HOLD,,,HOLD,,HOLD,,HOLD,,HOLD
2021-05-08,97.0,97.0,97.0,50.0,,HOLD,,,HOLD,,HOLD,,HOLD,,HOLD
