Date,Close,Max,Min,Volume,RSI,RSI_Signal,Stoch_K,Stoch_D,Stoch_Signal,WilliamsR,WilliamsR_Signal,CCI,CCI_Signal,MFI,MFI_Signal
2018-01-30,126.0,126.0,126.0,1.172,,HOLD,,,HOLD,,HOLD,,HOLD,,HOLD
2018-04-30,126.0,126.0,126.0,1.052,,HOLD,,,HOLD,,HOLD,,HOLD,,HOLD
2021-03-15,309.0,309.0,309.0,1.391,,HOLD,,,HOLD,,HOLD,,HOLD,,HOLD
2021-12-10,309.0,309.0,309.0,102.921,,HOLD,,,HOLD,,HOLD,,HOLD,,HOLD
2023-04-04,309.0,309.0,309.0,2.477,,HOLD,,,HOLD,,HOLD,,HOLD,,HOLD
2023-06-03,309.0,309.0,309.0,923.0,,HOLD,,,HOLD,,HOLD,,HOLD,,HOLD
2023-07-03,309.0,309.0,309.0,1.0,,HOLD,,,HOLD,,HOLD,,HOLD,,HOLD
2023-08-02,309.0,309.0,309.0,1.0,,HOLD,,,HOLD,,HOLD,,HOLD,,HOLD
2024-05-28,309.0,309.0,309.0,297.0,,HOLD,,,HOLD,,HOLD,,HOLD,,HOLD
