Date,Close,Max,Min,Volume,RSI,RSI_Signal,Stoch_K,Stoch_D,Stoch_Signal,WilliamsR,WilliamsR_Signal,CCI,CCI_Signal,MFI,MFI_Signal
2015-01-13,945.0,945.0,945.0,114.0,,HOLD,,,HOLD,,HOLD,,HOLD,,HOLD
2015-05-05,945.0,945.0,945.0,101.0,,HOLD,,,HOLD,,HOLD,,HOLD,,HOLD
2015-07-28,945.0,945.0,945.0,143.0,,HOLD,,,HOLD,,HOLD,,HOLD,,HOLD
2015-11-10,945.0,945.0,945.0,47.0,,HOLD,,,HOLD,,HOLD,,HOLD,,HOLD
2016-03-29,810.0,810.0,810.0,1.855,,HOLD,,,HOLD,,HOLD,,HOLD,,HOLD
2016-05-17,945.0,945.0,945.0,96.0,,HOLD,,,HOLD,,HOLD,,HOLD,,HOLD
2017-04-04,945.0,945.0,945.0,205.0,,HOLD,,,HOLD,,HOLD,,HOLD,,HOLD
2017-08-15,945.0,945.0,945.0,149.0,,HOLD,,,HOLD,,HOLD,,HOLD,,HOLD
2017-11-28,945.0,945.0,945.0,176.0,,HOLD,,,HOLD,,HOLD,,HOLD,,HOLD
2018-06-12,945.0,945.0,945.0,79.0,,HOLD,,,HOLD,,HOLD,,HOLD,,HOLD
2019-04-09,945.0,945.0,945.0,105.0,,HOLD,,,HOLD,,HOLD,,HOLD,,HOLD
2020-06-23,973.0,973.0,973.0,810.0,,HOLD,,,HOLD,,HOLD,,HOLD,,HOLD
2022-03-01,1002.0,1002.0,1002.0,1.165,,HOLD,,,HOLD,,HOLD,,HOLD,,HOLD
