Date,Close,Max,Min,Volume,RSI,RSI_Signal,Stoch_K,Stoch_D,Stoch_Signal,WilliamsR,WilliamsR_Signal,CCI,CCI_Signal,MFI,MFI_Signal
2015-04-23,1230.0,1230.0,1230.0,26.0,,HOLD,,,HOLD,,HOLD,,HOLD,,HOLD
2017-03-13,1307.0,1307.0,1307.0,40.0,,HOLD,,,HOLD,,HOLD,,HOLD,,HOLD
2020-12-22,1268.0,1268.0,1268.0,433.0,,HOLD,,,HOLD,,HOLD,,HOLD,,HOLD
2021-01-21,1268.0,1268.0,1268.0,40.0,,HOLD,,,HOLD,,HOLD,,HOLD,,HOLD
2021-02-20,1268.0,1268.0,1268.0,23.0,,HOLD,,,HOLD,,HOLD,,HOLD,,HOLD
2023-03-12,1360.0,1360.0,1360.0,111.0,,HOLD,,,HOLD,,HOLD,,HOLD,,HOLD
