Date,Last trade price,Max,Min,Avg.,Price %chg.,Volume,Turnover in BEST in denars,Total turnover in denars,Close,RSI,RSI_Signal,Stoch_K,Stoch_D,Stoch_Signal,WilliamsR,WilliamsR_Signal,CCI,CCI_Signal,MFI,MFI_Signal
2015-03-27,970.0,970.0,970.0,"970,00","-3,00",191.0,185.270,185.270,970.0,,HOLD,,,HOLD,,HOLD,,HOLD,,HOLD
2020-08-13,970.0,970.0,970.0,"970,00","0,00",542.0,525.740,525.740,970.0,,HOLD,,,HOLD,,HOLD,,HOLD,,HOLD
2023-04-27,615.0,615.0,615.0,"615,00","-36,60",542.0,333.330,333.330,615.0,,HOLD,,,HOLD,,HOLD,,HOLD,,HOLD
2023-05-15,615.0,615.0,615.0,"615,00","0,00",2.057,1.265.055,1.265.055,615.0,,HOLD,,,HOLD,,HOLD,,HOLD,,HOLD
