Date,Last trade price,Max,Min,Avg.,Price %chg.,Volume,Turnover in BEST in denars,Total turnover in denars,Close,RSI,RSI_Signal,Stoch_K,Stoch_D,Stoch_Signal,WilliamsR,WilliamsR_Signal,CCI,CCI_Signal,MFI,MFI_Signal
2014-12-19,2091.0,2091.0,2091.0,"2.091,00","-2,97",144.0,301.104,301.104,2091.0,,HOLD,,,HOLD,,HOLD,,HOLD,,HOLD
2015-09-30,2160.0,2160.0,2160.0,"2.160,00","3,30",381.0,822.960,822.960,2160.0,,HOLD,,,HOLD,,HOLD,,HOLD,,HOLD
2015-11-19,2100.0,2100.0,2100.0,"2.100,00","-2,78",559.0,1.173.900,1.173.900,2100.0,,HOLD,,,HOLD,,HOLD,,HOLD,,HOLD
2015-12-07,2100.0,2100.0,2100.0,"2.100,00","0,00",495.0,1.039.500,1.039.500,2100.0,,HOLD,,,HOLD,,HOLD,,HOLD,,HOLD
